label,kind,variant,variant_id,canonical,canonical_id,variant_in,canonical_in
,skel,"We Are Dark Angels, Zachary Dawes, Nick Sena",1d16d3a6-0e22-585d-88e2-cf41ddd0e435,"We Are Dark Angels, Zachary Dawes & Nick Sena",c08e75ed-b9e2-5c57-8684-ff1ec01deb88,1,2
,skel,Rudimental Feat Becky Hill,c7b5b752-a8fe-5814-97f7-f13d6554a760,Rudimental feat. Becky Hill,b0d2b89b-7429-5bd6-9d10-0c86b74e837f,15,295
,skel,Albino‚s Alligator,309c82b0-5a13-5634-8487-787e0e7c81a7,Albino's Alligator,6743c9f8-5766-48df-9ad1-6c84da080cbe,5,105
,skel,"Move D, Dman",3796d9ef-8328-5f87-8eb0-cc9317e42520,Move D & Dman,d028efe7-a841-5351-b91e-a08252bced40,3,6
,skel,Chance The Rapper/Ab-Soul,a4542c5b-4060-55a0-bb32-cd13d1e7611e,"Chance The Rapper, Ab-Soul",65da5fff-f0ba-582b-b4c9-3f28f533c682,5,645
,skel,"Brent Faiyaz/Dahi/Tyler, The Creator",0453677d-fd05-5f25-8095-63b0d8fbc014,"Brent Faiyaz, Dahi, Tyler, The Creator",02540d66-0336-5df7-958d-9986b86766e0,37,1230
,skel,DUD!,f9a08d32-d6ad-532d-a57f-87b0dd60f224,dud,ff3c6312-f983-54e8-a1d2-0a654a7e5b31,3,597
,skel,Xzibit & Jayo Felony & Method Man,d9c75ef8-af67-58d0-89ec-094de6f0b352,"Xzibit, Jayo Felony, Method Man",95d88e52-4832-5857-acbd-b921add253d4,1,2
,skel,Paul Grogan pres The Coffee Boys,c16de302-1c88-54d5-b7ce-a6a002705d2c,Paul Grogan pres. The Coffee Boys,b809435d-8501-56bc-898a-460a2f5e1e9c,3,303
,skel,"Rueben, PHI NIX",c2016124-a044-53fd-80eb-cdad7cca116d,Rueben & PHI NIX,3235d624-2da9-5446-8afc-3df77784ad9d,61,129
,skel,"Meek Mill, Rick Ross, Wale",7d88f55e-2f0d-5802-80da-d522daa7d359,"Meek Mill, Rick Ross & Wale",ecdba9aa-98ed-5037-8285-dd6da805cfab,39,71
,skel,Alex Gaudino And Jerma Pres. Lil` Love,2d3b4a53-f99c-5665-82ff-6f35baa0f6f4,Alex Gaudino and Jerma pres Lil Love,544711a2-851f-5546-8b57-454e5e133434,1,2
,skel,Steven Isserlis/Maggie Cole,5fc6826c-5325-57ed-a51f-6d5acc89dc40,Steven Isserlis & Maggie Cole,7805a841-931f-54df-aae9-6c1cf020d9b3,3,29
,skel,Vs Sonic.exe: Rerun OST,2cebe88e-5c2e-54d1-bb0a-663a9d7682a5,VS Sonic.EXE RERUN OST,f97420d4-0e28-51e7-a939-9678a0ce2ae6,33,59
,skel,Szczyl/Magiera,8fbe38dd-66e5-54ee-9559-79ef23deb0f1,"Szczyl, Magiera",05b05e06-8783-5c47-9245-11b4393e0f81,8,1482
,skel,Singiel Męskiego Grania,164f33b9-e20a-4756-9d0a-0497c64a1281,SINGIEL MESKIEGO GRANIA,3ee2aff9-86f3-5883-9e54-2d1908a9a4fd,1,1
,skel,"Enrico Pieranunzi, Joey Baron & Marc Johnson",deaa01dc-7c3c-50cd-8f1f-133be7bc357b,Enrico Pieranunzi; Joey Baron; Marc Johnson,29e61e6f-8e79-5662-8c12-a58546e18a4f,25,25
,skel,Martín - García,a4eaa2c9-19c9-5022-9e2c-29e149f83832,Martin Garcia,a8815169-17f3-406a-b9cf-c045b4cea8e8,1,351
,skel,"David Grubbs, Ryley Walker",c60b3187-0a4b-56f1-a009-86d07ada29cd,David Grubbs & Ryley Walker,076bc636-0c3e-52bd-909b-89aa4b31290e,2,18
,skel,Hyuji feat. LIQU@,aadba2bf-8b3a-5aac-86d4-faf50ccd9885,Hyuji feat. LIQU@。,b15f1c24-3578-5737-ab5f-202924754b20,14,24
,skel,Q:indivi & キヨサク,ae4aa07a-3635-5eed-9581-93cb42b05913,Q;indivi+キヨサク,84e69b3e-bdaa-5521-bfde-ada9cbe8b3af,2,28
,skel,Team Radio,37df8301-56a6-4305-aee1-888375d563f6,Team.Radio,73513cd4-4126-40b5-9fe8-693af8aea121,141,338
,skel,Apashe & Dope D.O.D.,846bf7ff-6838-5687-b939-8bb6db394801,"Apashe, DOPE D.O.D.",d56de33b-07e3-5762-9c9e-3c46dfe8f6ae,3,40
,skel,Oblivion's Mighty Trash & Saygi,030d0d74-9785-54d9-95c8-362f6b40bd5c,"Oblivion's Mighty Trash, Saygi",f64334af-114f-5403-97b9-2b0a379457a3,138,466
,skel,"Shawn Lee, Clutchy Hopkins",0a787d40-d2d0-5983-9f33-5de92e95b515,Shawn Lee & Clutchy Hopkins,b8703819-63cd-5082-82f7-0b763eafdd93,45,1602
,skel,Gavin Greenaway; The Lyndhurst Orchestra; Hans Zimmer,1966f849-d6ce-50d4-ad3c-17196961ab05,"Gavin Greenaway, The Lyndhurst Orchestra, Hans Zimmer",74b5de03-1aa5-5ce9-b381-a39b4f8462d5,1,121
,skel,"Prinz Pi, Bosse",9fc2a6e8-6032-5961-aa27-be3b5abae793,Prinz Pi & Bosse,28a4066f-7084-5739-84b2-443b06bf5c65,15,21
,skel,Don Toliver; Travis Scott,3759781e-a5ea-5e6f-a38b-75d1d34ce6ab,"Don Toliver, Travis Scott",c977e8b8-c78e-5d0b-8164-c35cb8a8e763,311,2591
,skel,Медведь - шатунъ,f3e769a4-451d-54ba-a0a4-9a536572b599,Медведь-Шатунъ,eccc5281-d871-534b-a0a6-bebdcf7c7145,1,268
,skel,Kelvin Momo & A-Reece,de34590c-c561-5514-84e1-0753ac3076df,"Kelvin Momo, A-Reece",a4237bde-e533-5ea7-8539-e186d9cdc24e,52,174
,skel,"Metro Boomin feat. Travis Scott, Kodak Black, 21 Savage",c87dbcdc-6bcf-5198-89e6-5b004b3015c4,"Metro Boomin feat. Travis Scott, Kodak Black & 21 Savage",a4c250ea-e750-5724-9f13-fe79166e5a80,98,341
,skel,Game ft Nelly Furtado,6e1e6b0f-6062-5fef-a15f-065e323dceea,Game Ft. Nelly Furtado,672d7386-6cee-5a54-93d2-ccf1131a3329,2,6
,skel,"Imanu, Zonderling",54adf3df-9ff5-55fd-8824-bba60d4e52ae,IMANU & Zonderling,855ee4e5-5564-5b88-bc00-8b16bf95a722,170,182
,skel,Gary Morris & Philip Quast,a9ff6beb-87b4-5877-9f83-592b8b8577b1,"Gary Morris, Philip Quast",88894324-f0a7-5deb-a633-264ad44b6490,1,28
,skel,Homo Poeticus,2cda68d1-8935-5d6f-9e2c-219b98d1f33b,Нomo Poeticus,ee052a80-7c3e-5579-8c85-91d982822528,2,48
,skel,Deller Consort*,adc1ba97-8de4-5f8b-8438-707cdf5a03e1,Deller Consort,2adc8bdf-0c91-4f60-abdd-42c43ca6451f,19,628
,skel,Travis Scott & Yung Mazi,84643da7-226b-59e8-a3e4-6bede5004e32,"Travis Scott, Yung Mazi",66ee7427-ff44-5501-ac90-76f09b553fa9,4,24
,skel,Nöir,7022450c-5e0b-5eff-95f7-a2a95dd649a1,Noir,f693fc5e-9080-4952-9814-6ff7244a5573,205,510
,skel,Protoje feat.Mortimer,22b49956-a626-5c3e-a897-88e073ad9da6,Protoje feat. Mortimer,3def99be-db04-5ed9-ac44-1e3a408fc85f,10,60
,skel,"María Escarmiento, Fran Laoren, blnco",c96755d7-96b0-5edd-a032-907e73b914c3,"María Escarmiento, Fran Laoren & BLNCO",9f756798-f31d-5c0b-baf6-2107ca02bc31,296,448
,skel,酔シグレ & Lucia,6b9d3226-7083-59fd-9191-8b2eda1940d1,酔シグレ / Lucia,92552e5d-351e-5065-8c93-46441566ac95,18,69
,skel,"Lee Hazlewood, Ann-Margret",63ef4f2f-a2fb-51ac-9fa7-6b0759bfd1c7,Lee Hazlewood & Ann-Margret,c0aa9df8-24e9-5024-9b93-0fbf06dc225b,4,310
,skel,地球防衛部(山本和臣、梅原裕一郎、西山宏太朗、白井悠介、増田俊樹),bb8c7441-0661-5538-8862-09a55206d708,"地球防衛部 (山本和臣, 梅原裕一郎, 西山宏太朗, 白井悠介, 増田俊樹)",46ef3386-4ca5-5e6d-9aab-329fb5047932,18,19
,skel,BRYCE&J,b01ae177-3978-5046-b8b0-f9828a352cd3,BRYCE/J,e4139d98-d06e-5933-90ed-86b6d0559028,98,287
,skel,leon andrade ✯ (@leonandradej),dab33b35-8129-5b3d-adc1-81e9dc259dae,leon andrade (@leonandradej),0631a23e-7f1c-5698-b496-4568c50eeeb0,7,125
,skel,o lendario chucrobillyman,a3f8aa40-bc57-52db-9482-dd6cd5b91ce5,O Lendário Chucrobillyman,40a79ca3-27f3-5f1c-b304-bc9e673b4684,129,252
,skel,Joel Gonzáles,98b8aa26-4f26-5da8-8b63-f1fce46e4633,Joel Gonzales,272d9f91-c255-5b67-af0f-ecd67564f38f,34,394
,skel,"Пахом, Прохор",81ae1770-aad6-5a3c-bb70-05131b273a66,Пахом & Прохор,3ed447ef-cc65-562e-8402-2cdfbbb06184,25,67
,skel,CONCRETE BOYS: DC2TRILL,c1ba86a6-3f5e-5f06-97a4-eb99fad3af19,"Concrete Boys, Dc2trill",0ccf4aa4-c25b-5eb5-a58e-88285b2929d4,1,229
,skel,"Yura Yunita, SIVIA, Agatha Pricilla & Nadin Amizah",28c7af8e-3217-56a1-9bc0-b736b8f3573b,"Yura Yunita, SIVIA, Agatha Pricilla, Nadin Amizah",09b6bafe-4eba-5b80-ae66-5c92af2d6f08,5,21
,skel,Kual?,d2be19e4-7670-5a4e-98cc-429f9bdd66cb,Kual,4aa72010-3ca6-51c5-9c46-3db1c115e54e,11,561
,skel,Charlie Brown Jr. - Vanessa Da Mata,2b767fe0-ec86-58c1-9710-33382ac757b6,Charlie Brown Jr. & Vanessa da Mata,2e7ba2c8-aa8a-5356-a09d-f18570ed58d0,135,326
,skel,Panda Black & FloyyMenor,fd535552-0371-5ab1-ae58-f46d6708b3f9,"Panda Black, FloyyMenor",69326d02-414c-59ac-a605-d11653637d67,1,27
,skel,"Noisecontrollers, Atmozfears",532d26c8-ae88-5c9e-bdac-10ae0150439d,Noisecontrollers & Atmozfears,55bdfe76-3e6e-5c8f-b341-f5b74720ab5f,6,15
,skel,抹×築山さえ,acaae2cc-12e4-52d8-93aa-b5ed62225b9f,抹，築山さえ,6fef26b3-fcb3-5485-884e-70f38a34751a,1,15
,skel,"Passion, Kristian Stanfill & Melodie Malone",d9c9c7b0-c729-5a3b-9b99-373932bd2814,"Passion, Kristian Stanfill, Melodie Malone",d31345b0-2aba-5e78-810f-2d6ae291ba12,38,154
,skel,"slippymudman, PUKE GIRL",c26e5850-459e-512e-8b4c-483f2448f526,slippymudman & PUKE GIRL,37e9974c-d0a5-57fd-9b43-0eef76b4f0ea,1,2
,skel,111nightshift & brdynl,ca03c087-d9f3-51d9-ab9e-6b72fe9ff7b9,"111nightshift, brdynl",fdd20dc0-cfe9-5d36-9743-f89f0bf2bcd2,20,71
,skel,Ferry Corsten & Morgan Page feat. Cara Melín,6b831f55-ceb5-5e93-a08b-a51d6ab3c0ab,Ferry Corsten & Morgan Page feat. Cara Melin,88a89a5b-85ff-5d6b-825a-c27f0cfdbabb,7,65
,skel,League of Legends; Sofasound,7a7bd845-08e8-54ce-9c9c-e6f5d33742ff,League of Legends & Sofasound,3a738cfa-6db6-5fe9-8f12-f7039cbb1e8a,8,145
,skel,●Восточный округ●,808cd1a1-10bf-54e8-a584-d3c9c12483b5,Восточный Округ,f2d8bbaa-e3ca-5add-ad18-73c134581f7b,1,4
,skel,"Rolling Loud, Rae Sremmurd & Duke Deuce",2c3fd080-a6d8-54f7-8cf3-2bbcbf68661e,"Rolling Loud, Rae Sremmurd, Duke Deuce",4a52b3e3-a75a-5114-a80b-a1d2313a19a9,8,13
,skel,Nadia Ali; Starkillers; Alex Kenji,cde782d8-7417-5f63-ba90-a569023f569a,"Nadia Ali, Starkillers & Alex Kenji",935d3a38-9fcb-5a1a-ada3-5a7e55e898eb,5,1613
,skel,Peso Pluma; Junior H; Óscar Maydon,5203183f-fff4-52ae-9865-8b645416b934,"Peso Pluma, Junior H & Óscar Maydon",af0f7093-eec3-5921-920a-a1ebe3a12ee6,4,680
,skel,Igreja Batista Nova Ebenezér,a73047f1-af30-50e5-a4d2-aaf8d544a229,Igreja Batista Nova Ebenezer,d4baec3c-5041-5874-b1e5-1d09d58aa842,1,8
,skel,C.F.O.P.A.,eac6c3fc-fc8e-5602-80e7-b7d7cf2c7d02,C.F.O.P.A,710727c7-e0a2-521d-8f23-895845b0fef8,5,7
,skel,"Sceptix, Grey's",6a0e394d-4002-5669-a287-caeb377936a7,Sceptix & Grey's,47cca170-9525-5813-8c1e-46aadb7699a4,1,57
,skel,Ih8P,8971d420-9409-5390-9e86-eafa30409bd3,[IH8P],bcbcbc65-08aa-40a1-a20e-dde264455ae4,2,33
,skel,🅴 JID,cda0b8fb-1bff-5087-8c81-d5acf4955e47,JID,d616b606-cf6a-4b6e-ab0f-e253b8db6610,2,2671
,skel,terraplana & Winter,ee4cc09c-dc7e-53e6-b0eb-b4601325d420,"terraplana, Winter",89aba89e-c7f4-576d-8bd4-fa3b3b3a3961,1,174
,skel,Zach Robinson & Leo Birenberg,11293fc7-4e91-5af8-87c6-c37ef3d94c86,"Zach Robinson, Leo Birenberg",8710a16b-5fdf-5217-a404-e057a60b36af,10,11
,skel,world's end girlfriend [feat. samayuzame],04fdd846-ac7f-50ab-bf9c-8e41343c9aaf,World's End Girlfriend feat. Samayuzame,fbc489a5-d6d1-5543-b8d5-375e469a043f,1,19
,skel,Disneyland Resort Paris©,3d9483ed-2465-51a8-b64f-64d2a5e433e4,disneyland resort paris,c4282539-9846-5923-b6a7-1a3e92e3bf16,2,67
,skel,"Joint One, Yung Juse & Chico da Tina",eee907ba-f6f9-54b7-a560-155e91ac1dcf,"Joint One, Yung Juse, Chico da Tina",8347d05d-58cf-58a2-bdbe-ca9b3ca2c2c5,6,92
,skel,@1ure,c9dce969-3376-52a4-bcf5-7fccc92c8bef,1ure,2e6b64db-2727-591c-bd64-b6e03d3085bf,2,121
,skel,ユウヤ&キティ,0e16b1f7-18e3-5425-bdb4-962c390b3678,ユウヤ & キティ,ed58328b-c32c-50a1-aa6d-55460bae31b0,2,64
,skel,"Ashka, Nemecist & acronym.",8feee21e-c395-5faa-ad22-6ca7572b945b,"ashka, Nemecist, acronym.",5f6cb485-102b-5cbc-aa62-2fcecb4a9f24,1,69
,skel,桜野くりむ (CV：本多真梨子),5c3f2da7-6a35-521b-98b5-094d12151aa5,桜野くりむ(CV:本多真梨子),bb474a8b-ea33-53b2-b477-5b0e6a795e93,5,61
,skel,Taylor Swift; The National,4f3ead7f-ea17-5810-ad9f-5b6e7a91465f,"Taylor Swift, The National",3cad57e6-d98b-5da4-93be-afbe64f4241c,58,1234
,skel,"Lieutenant Nicholson, DjeuhDjoah",cd81304a-499b-5129-8989-f7fb5ad0967d,Lieutenant Nicholson & DjeuhDjoah,510a26d7-2d26-59f3-ac7e-9f1f1a10993f,1,8
,skel,Fagner & Roberta Miranda,19e80096-4262-5a78-8a9d-c99c7fbb0047,"Fagner, Roberta Miranda",0d2c16e0-685f-56f1-a7e3-7c1c0026c9b5,1,6
,skel,Atric & Frida Darko,44c966a9-0e14-56d0-8ab2-862730d563c4,"Atric, Frida Darko",f7bed22c-5ed4-57d9-bb12-cbd370e1ec85,7,19
,skel,Мачете (Токио),db896a66-e202-5b75-a4cf-3c9873ac3010,Мачете-Токио,ab03a20d-1b83-5dad-8112-baba7f9646f4,1,1
,skel,"StreamBeats Originals, LilyPichu",bc952a56-31bf-58fe-9be1-2f8a87b107e1,StreamBeats Originals & LilyPichu,53e04865-933f-5972-bfa0-60eb9a689dd2,51,78
,skel,"Toro y Moi, Brijean",572d61ca-521b-5edd-9519-3fa357df298a,Toro y Moi & Brijean,10fef7ff-3fe2-58fb-b87e-85bca40ee011,191,222
,skel,Mamá Baker,f5efdf14-d742-5f0a-adc0-a554a132dbee,mama' baker,a85bc358-1446-5f3b-a94d-461e91cdad01,5,9
,skel,No Mana & Jantine,7c2aa531-a7c8-5184-821e-affbedc1d720,"No Mana, Jantine",14ad470f-3f71-5b36-a202-99cbe07b9fcc,264,346
,skel,Paul Brown & Lina,c9033e10-fe78-5ab7-8269-449745a576ff,"Paul Brown, Lina",5b14ea20-9768-59dc-8fe3-fc79370e4461,2,20
,skel,Julije Skjavetić,9bc3305d-94a2-4418-b9f5-cfc7ed25efbf,Julije Skjavetic,d670fbd5-4ea4-521f-a8eb-38487c85ea88,17,33
,skel,Bizarrap & Natanael Cano,0241c801-816b-54f4-bd31-f1239d3b582e,"Bizarrap, Natanael Cano",f1156fd3-fcc9-5b99-b61f-f6b0f2a5c39b,724,766
,skel,Killer Mike; André 3000; Eryn Allen Kane; Future,36d16cd3-cfda-5b20-92dd-d1927eb32c37,"Killer Mike, André 3000, Eryn Allen Kane, Future",47933b6d-5ad8-5c76-b3f4-40df63b55c7f,5,514
,skel,"Corey Lingo, Yung Brando",09035b36-97ba-5651-882d-bf50fa0b0703,Corey Lingo & Yung Brando,9bd5fe62-849c-5264-bd96-0ce50a7b43a4,2,5
,skel,Ash & Amélie Martinez,ff0c957f-8821-51d0-b147-3706c842dec4,"Ash, Amelie Martinez",85beb905-e397-5598-b111-6f1e8527775f,1,50
,skel,Kan`Nal,ec4ffdfb-f4fb-56c0-ae74-8ecd6002120c,Kan'Nal,0cbd56ec-0187-4c83-8978-c3d468fd47ab,237,361
,skel,Dimension 32 × Quantum Break,3397a05e-4960-58a7-a14f-40f7795bf740,Dimension 32 & Quantum Break,0f9ce451-9c7b-5a3f-8148-22f8f9806cd1,8,347
,skel,Chase   Status / Ceelo Green,1b109110-1b12-5d9c-86dd-94743144b53f,"Chase & Status, Ceelo Green",a4d170a4-1b3c-5f08-bfc1-880e4dc20eb0,18,22
,skel,Gyorgy Geiger,b3984570-aae6-5dcd-80db-6dd3af469dca,György Geiger,5ed099bf-23b0-4b06-8459-69bfd5cfd4e7,1,1
,skel,The Lottery Winners & Sleeper,1137f699-bb96-586a-b47d-7a9430a7157d,"The Lottery Winners, Sleeper",243b872b-9d6b-525f-b0cc-dc3ae5804865,8,21
,skel,"Double Zuksh, 3enba, & Abo El Anwar",7edbbd62-c7fe-5793-bd2a-8179d2bf9940,"Double Zuksh, 3enba, Abo El Anwar",b1bed983-fdd6-5426-9a2b-17e4bf8c3fc6,7,66
,skel,Disfunción Orgánica,fd2a5449-b1e9-4158-b98e-41e0869d3903,Disfuncion Organica,3fbb04a6-a418-520b-be76-423a856222bf,76,920
,skel,2 Pac feat. Dr.Dre,e2246803-5aa4-595c-9424-9f483fdec195,2 Pac feat. Dr Dre,69c4c3d5-f6ac-516d-be35-b9402d91dcbf,24,108
,skel,Jasiel Núñez,06f0469b-116d-5de1-9749-24c55572e2ba,Jasiel Nuñez,93ebf0f5-6c34-4e3f-9d03-107c05ba6183,1,742
,skel,Wilson Jermaine Heredia / Jesse L. Martin,04980fc1-70f1-5efb-8299-ddffc7035497,Wilson Jermaine Heredia & Jesse L. Martin,debd69a5-b631-5f78-96b5-0e44672b6a47,428,1670
,skel,"TDJ, X-COAST",422daae4-0646-57ef-a65d-91ee87fec35c,TDJ & X-Coast,7123f794-6855-52d4-9c9f-cfb6d14599b6,168,184
,skel,Nikita Magaloff [Piano],5ffbd8e7-ba5f-5426-b04c-8a4f848b7466,"Nikita Magaloff , Piano",77692a63-4fd7-5d15-b02d-3c11e640d9de,4,20
,skel,Nom De Strip vs Nezzo,b83310e4-dd85-5c1d-8952-f202875e0859,Nom De Strip vs. Nezzo,4a0b1a79-12ce-579b-b61a-5bf238e1850f,1,16
,skel,yama feat. indigo la End,332ea8f5-695d-5dc8-99a6-d2bce7c236aa,yama feat.indigo la End,696ccff6-9636-5648-abbf-42ac95e5c820,2,24
,skel,Rebelion & ATILAX,8b48fa8d-cf74-547a-8fe3-2932976dae67,"Rebelion, ATILAX",a87e70a7-956d-560c-bf47-66fbff0ce8f2,15,65
,skel,Micky Dolenz & Davy Jones,6f227b72-cdd1-54b6-96d5-eea4e9b55274,"Micky Dolenz, Davy Jones",b18261cd-8eca-541a-9890-aae2c0571f3d,2,10
,skel,Mölten,1241f473-2686-5a79-ac3a-7d4023900eab,Molten,cd5cb6d3-7e95-4a79-a0e5-43e53e5b8d9a,1,1068
,skel,Robić Ivo,ece56517-2e11-5d69-b4e9-70383b5ad774,"ROBIC, IVO",0b6c2545-ae8b-5e9d-8ae9-a2e97cfab5c5,9,21
,skel,Angélique Kidjo & Davido,0c1b93c6-738e-5be7-9573-489d3d36568f,"Angelique Kidjo, Davido",f9b42713-61c2-5b58-96df-e95688d8a947,4,85
,skel,Amy Sky \| Olivia Newton-John \| Beth Nielsen Chapman,409100ba-65d8-595f-b4d8-1a4a14db09e9,Amy Sky/Olivia Newton-John/Beth Nielsen Chapman,184b0fb7-9878-5743-8402-ebef6406691b,7,11
,skel,"Jane Krakowski, Colman Domingo",0672595b-3fc1-510b-bc49-808e7259d200,Jane Krakowski & Colman Domingo,6bb9d4fd-f059-5b96-afee-b6ec8f4f737b,40,302
,skel,Bing Crosby Frank Sinatra Nat King Cole,75cc38f8-da42-5482-a8ed-0a929d73b5da,Bing Crosby - Frank Sinatra - Nat King Cole,d5a84ee8-507a-5dc1-b64e-8f6cc323669a,1,81
,skel,Art of Fighters vs. Nico & Tetta,0c8484bb-5b46-5e0a-a146-0be6bda81e64,Art Of Fighters Vs Nico & Tetta,7e0fa63f-699f-5ecb-acda-29fca529553e,532,953
,skel,"GZA feat. Masta Killa, Dreddy Kruger, Inspectah Deck, Ol' Dirty Bastard",238a2774-c9cc-54cc-b577-9ad14fa173c3,"GZA feat. Masta Killa, Dreddy Kruger, Inspectah Deck & Ol’ Dirty Bastard",0fafc89f-6180-524c-8bf0-ca0c540b2300,4,67
,skel,Arzenál,9626003f-ebb8-553f-bb08-792d62859003,Arzenal,e49b35ae-05c0-5a63-8bc1-ca1e29f9adcb,4,5
,skel,Mareux & Riki,cb147f9b-b942-5a4c-8d41-a1a93e0bb779,"Mareux, Riki",831fc148-bbaa-547e-b2a0-0ee5b4b01075,40,86
,skel,Sandëro,1bf19553-7208-4fba-b57d-3c7a074c7e74,Sandero,cab0a595-6963-5a15-baab-0a1e1e2b100b,439,702
,skel,Stasys Povilaitis ir Gintarë,90f6fbd3-5999-5e8d-9a38-77d32bb1d6da,Stasys Povilaitis ir Gintarė,9f27cafa-ed87-5fa7-9139-2c6f753e39a4,2,3
,skel,"Adib Sin, Azuria Sky, B. L. Hav",83d2ddfd-5122-51ed-b9cd-34b15a99d285,Adib Sin/Azuria Sky/B. L. Hav,d7a48f01-8231-54e8-bd76-9ce073c69a53,1,2
,skel,Philippe Ménard,7f2677d0-6a6f-46e1-8a0e-e3de40464136,Philippe Menard,71eb5147-3ff1-5d9a-b630-b8585bb25406,257,298
,skel,India.Arie/Musiq Soulchild,4d3897e8-8908-5c55-997e-ac4c82913fae,India.Arie & Musiq Soulchild,f1783048-4d79-5e4f-b1eb-544f1c60113b,1,107
,skel,パトリシア・マーティン（ささきのぞみ）,823257ff-c132-5250-902d-b08a7e136773,パトリシア・マーティン(ささきのぞみ),77f34688-3b95-5458-bc11-ca82e783fc46,7,192
,skel,DaBaby; Lil Baby; Moneybagg Yo,4db1531a-ba12-522f-a519-62cd81dd8b83,"DaBaby, Lil Baby, Moneybagg Yo",f5635e1a-9045-576b-a6db-efe2d0b095d9,53,107
,skel,T-Swizzle,160c8a7b-70a7-5367-929e-2f60583728d5,T Swizzle,8213d68e-1d10-5e6c-80af-782fa83613b1,49,79
,skel,Ana Mena/Belinda,e7c9af14-6749-5c67-b3e1-345a368e8420,Ana Mena & Belinda,ab5bf885-872a-5a9e-8398-5cf3bc9e3198,4,1501
,skel,"Ximena Sariñana, Ximena Chiunti",1aadc1c0-8cee-5494-b523-0bcf1cc19cde,Ximena Sariñana & Ximena Chiunti,1913905e-e2cb-559a-b15b-e7d00214651c,1,10
,skel,☆Filip☆,eea89877-8dab-5a6b-bbb2-936b96f800b4,Filip,312e48e5-9993-484e-89b9-26bdbd1b006d,7,87
,skel,coz?,9633eccd-4158-5493-b429-1c0d9d04a79d,Coz,bc0c9491-ecbf-444a-b21a-b9d711fe1720,3,872
,skel,Pex 'Mahoney' Tufvesson,886143c0-87c9-52b4-b89e-f3e0e8d3d0d6,"Pex ""Mahoney"" Tufvesson",e90ccbfa-7f84-5662-a76c-3140f542943c,1,311
,skel,NTR€$,0601886c-7b4b-5550-a0fb-17017965fc76,NTR,475c0934-c22e-4ee1-98f5-902485473b8d,10,258
,skel,"Nxworries & Anderson .paak & Knxwledge & The Last Artful, Dodgr",d3d84e01-613b-5e31-9d44-9773ef2700b3,"NxWorries, Anderson .Paak, Knxwledge, The Last Artful, Dodgr",abb68047-40f5-5b4e-b25c-a7a17e202e4a,2,234
,skel,"The Philly Specials, Devon Gilfillian",c4d4c4c5-854c-5b2e-b80e-35c8b799813d,The Philly Specials & Devon Gilfillian,bc818b06-367a-5a08-9597-fc324d057093,3,12
,skel,"Vize, Leony",5ce85c36-0cab-5c60-b92b-4af595620293,Vize & Leony,8065c858-4c5c-51b8-852c-7909852592ba,515,695
,skel,минута агонии & Decalius,14c16191-bcaa-58b9-9133-b9bfd45a4038,"минута агонии, Decalius",0fcd6314-d1bf-521d-9202-9134fd958798,25,72
,skel,Eminem [feat. Steve Berman],e7d828b9-99ff-5c8f-876f-29e138829b94,Eminem feat. Steve Berman,343e0ff3-bfe4-5cec-983a-bc694b673d7f,4,10
,skel,"Filous, Ashe",fe8b19ad-5d20-530d-88e7-60bfbfe68139,Filous & Ashe,e1e0fbb5-fa17-58d1-bff5-9abf95cf440b,17,53
,skel,Jhene Aiko & Kendrick Lamar,68d0f584-ad17-5b87-8cf5-434b93e12115,"Jhené Aiko, Kendrick Lamar",3145bba1-867f-5e94-9712-60e8721f4ae7,1,734
,skel,Tito El Bambino & Yandel,d69edce7-81aa-5298-b6ed-4bcc487e5cff,"Tito El Bambino, Yandel",b68265df-7063-569a-9c8d-0a11519206e9,1,82
,skel,"Shankar-Ehsaan-Loy, Shivam Mahadevan & Jonita Gandhi",41a2e875-71ea-5185-9547-819d7a78a8a7,"Shankar Ehsaan Loy, Shivam Mahadevan & Jonita Gandhi",e54de91a-a1be-5a9d-b72d-371763a9c237,7,53
,skel,Tim Presley’s White Fence,beb8cc55-b3a6-5471-a528-b1dba03155dd,Tim Presley's White Fence,26256911-dda4-580c-9e01-be699549fd48,1,130
,skel,JUNG YONG HWA (CNBLUE),9e65f0a1-fbdb-5048-9cc4-6e08635d597a,Jung Yong Hwa(CNBLUE),074e9493-bc84-5a74-9cb3-2d0e7ca99f5f,47,120
,skel,Robin & HOYO-MiX & Chevy,0d4438c6-749d-5d28-9b7a-b3e3f8517861,"Robin, HOYO-MiX, Chevy",df18564b-56c7-5793-980c-589f1b390506,16,1008
,skel,Féa,ce217cd3-d94b-5632-b556-2921c136112d,Fea,49cf82ed-3aad-433f-9ebb-466f84a217a6,31,295
,skel,"Olivier Desmet, Oriental Funk Stew",dcb9b84b-cdde-5d9b-b987-fd83d74aed4c,Olivier Desmet & Oriental Funk Stew,fac7b7c1-68c2-5123-a3fc-1c6207246651,5,113
,skel,王菲、邓丽君,c33ae66e-7add-542f-a83b-41a00e6f4191,王菲 & 邓丽君,6058e2dd-5942-5e98-9ef9-267cc00d09b8,3,8
,skel,Coclea,c8cdd6d0-5371-4d7d-8823-71bec55dd918,Cóclea,398581b5-d187-4fe6-87e8-c21e575e9c54,20,377
,skel,"Fanny Robilliard, Paloma Kouider",71f3bcbe-1447-5453-b2f7-f529a90f0ef7,Fanny Robilliard & Paloma Kouider,6ba34c7d-4fad-5127-89fa-76a0c5203917,3,38
,phon,Ｄｉｒ en Grey,84b11ee3-893b-5974-82df-76b635eeb73d,DIR EN GREY,ab309b83-904f-4e2c-8d11-a0223bba51f9,26,767
,phon,ＣＨＡＲＬＥＳ,b92963e6-2f49-50f6-88c2-d1aba356d9c1,Charles,dd0cc820-c231-4c06-9097-633cb2d21f48,243,869
,phon,Mот,14149eff-4fc2-5d9e-9af0-f194a86bdc22,MoT,7ea223f7-86cb-4b19-878d-60f24d3f805f,26,1308
,phon,Тристар,abfb6d88-9352-5269-b653-92a8d3017a0d,Tristar,22b5d7b2-67f6-5611-bc0f-46d15edda6cd,11,99
,phon,タナカ,197c429e-4865-5c1f-8cec-fe950d4fd4d1,Tanaka,310957ed-f0d8-4826-9c17-6a59a0209093,7,401
,phon,Арсен Курашев,b1bc7e01-63e6-59e4-97c5-54d1b82083bc,Arsen Kurashev,44586b7c-6f10-4f7e-9049-35ffea20fe0b,68,96
,phon,Райз,ac1221ad-3ede-5baa-8466-c50dd20fb52c,Raiz,778196a1-a5f3-4dd2-8a3b-33efb50a1d3e,107,518
,phon,kizaru feat. Смоки Мо,89240732-2b05-5cfc-a479-671482773a02,kizaru feat. Smoki Mo,d5ae5cad-c556-52ab-b1f6-ca0a79ebc8ee,1,47
,phon,くるみ,cbb26257-36fc-4000-ab22-3cb80ee8ec3c,Kurumi,f8b80836-5045-4843-a773-a014821cd9b5,9,400
,phon,ｒｅｌｉｃ,3cd3cf4c-3af9-589a-8628-8f57633755f5,Relic,85aa582d-8fba-4a1d-b1a8-2c26b05af729,106,1094
,phon,𝑴𝑬𝑹𝑪𝑼𝑹𝒀 200,058d3584-dce9-55ff-8ee1-1eacee5d7e2c,Mercury 200,0782b403-c482-4e08-8f4a-e83b7bf24f7d,1,533
,phon,いとい,fdff0dcc-bc8c-5025-bb2f-5f05c22bb9d4,Itoi,5e902d34-51a3-5f3e-a8cd-ce910d2a0662,1,2
,phon,Аргон,99a7a64f-0b42-5b26-ba25-4b4f22db42e4,Argon,e3ff044a-12aa-4227-9b50-43f0eda90e8a,18,771
,phon,Антон Кубиков,3635c3bd-d028-4dc2-9945-a8da96aff938,Anton Kubikov,78625aab-c6a1-55e4-8dd2-4e85cf3bbc88,15,351
,phon,もぜくふ,16ecbd9e-94b7-5884-90cf-4c747b5c806a,mozekuhu,3e18edc0-34d7-50f4-8eeb-d1ca165c102b,1,4
,phon,енви,90cd28ec-de17-5688-9177-207c979c3140,Envi,75b959a1-dde3-5127-a06f-adbfa41a8a92,99,152
,phon,NEL feat. L'Оne,422fce91-c62d-5381-8ad5-e8a2e5e4b062,Nel feat. L'One,1a7bb15b-9de8-5571-ac14-315c9d755035,64,139
,phon,Пан Кіфаред,ee972562-0f5b-42dc-af7d-effc12e7f329,Pan Kifared,6faae783-c68f-5148-b7c4-ae21466fcc3e,32,244
,phon,𝒎𝒂𝒓𝒊𝒑𝒐𝒔𝒂,898c637a-3f92-51cf-98ec-848b4ccacd87,Mariposa,c91683bb-f237-4b07-8206-c7afa080d19b,4,1418
,phon,Камас,6bbd1cb4-8aaf-503c-b385-810b31a02059,Kamas,b67e58aa-3dd1-4cb9-8720-1d2ee1eb502e,74,511
,phon,Симона Сиванио,01e5bcd3-c0fb-5acf-a3ac-8c2873745137,Simona Sivanio,e701b61b-b21b-5ee0-bba6-7db72457a06d,7,514
,phon,𝙉𝘼𝙆𝘼𝙈𝘼 & 𝙈𝘾 𝙇𝙔𝘾4𝙉,2e92e7ed-a0b0-52d5-8efb-42c225c2a20a,Nakama & MC LyC4N,11985ce1-f54e-5434-beb6-763c735daa03,1,14
,phon,Мубай,76d7b261-d5ab-53c9-b9c5-3b2d360143ef,Mubai,28f954be-2203-517b-9341-e06840ea387a,1,151
,phon,𝐕𝖑𝖔𝖓𝖊 ⍟,969093a4-4640-5801-9c7d-81106dd90fbe,VLONE,ded66104-f59e-5019-94f1-898c17a40856,14,161
,phon,Морфина,6aef2ff4-041d-5fdb-889a-9d9db42ead8d,Morfina,428260fc-ef0d-4c50-b137-b158031bccc6,1,20
,phon,ＢＡＬＺＡＣ,201fc290-7037-598d-beee-f38d43ef0a5b,Balzac,de84c026-c308-5dc2-bb21-90ca46ee28ff,2,399
,phon,Эмин,d738ad45-e9c1-5dc3-9e89-62a6c3840538,Emin,97570158-1dc3-4c14-bd67-ccfe9302dc83,186,1123
,phon,Лови,621ebc56-d7ce-51c0-b395-fb9b74e0ad54,Lovi,cc7ba48a-8e04-44bc-afc2-cc7e6a26c7d9,5,305
,phon,Рейнер,1d2f7cb9-f343-5776-b0f3-b5d5bb39718c,Reiner,67b95bd8-5ff1-4e6d-85ec-a828ec3d92bf,17,193
,phon,Спорт,abd34d85-2bb5-5570-9330-400cc657496c,Sport,ffb565eb-c5a4-49d1-866d-2d164627d956,129,533
,phon,スズキサン,3111d579-fff6-44ac-a5dd-2b78857a7c96,Suzukisan,a7fab77a-7f71-5f59-9352-00695357ff8a,114,234
,phon,Растаман,9210fe4a-2f45-5b20-9a00-41a35244cf0f,Rastaman,af923f65-e527-4283-a41c-5d977d43cf6c,65,65
,phon,رواد,dbd36e72-d24b-43a1-b3c2-e29fc9185089,rwd,8d883a34-f300-531d-b83a-e5d012dc5aa9,3,87
,phon,BP 라니아,c2421557-7ded-5bc2-ae8e-5fb5de3e99bd,BP RANIA,2fe3ea59-c32d-52e9-b308-309ab00b9970,2,987
,phon,♪ Тик ♪,d1b8ba31-fbf3-53c4-850d-38577cb44c3a,Tik,2a094307-813b-42c0-89a4-7e4e52838425,2,1829
,phon,Амадеус,65573152-d876-48c9-b523-5c4709b86048,Amadeüs,fa5cfede-0081-4784-b411-1aba20808462,54,720
,phon,𝒄𝒉𝒂𝒔𝒆 𝒂𝒕𝒍𝒂𝒏𝒕𝒊𝒄,4ee589bc-b8a4-5e8b-9565-e99663b77bfe,Chase Atlantic,ecab255c-3af3-4154-87ec-2685041ce297,27,1075
,phon,𝕊︎𝕦︎𝕖︎𝕥︎𝕒︎ 🥀,c168e3d8-b50e-5a95-ada3-fa5a4c4f6797,sueta,3564b5f5-2481-5b8f-b6a0-24201db9da72,1,59
,phon,丰江舟,89ae753d-4786-43cd-8d80-54f09ab6c35a,Feng Jiang Zhou,dfce4905-2066-5422-9690-bdfd44a3c2fb,26,293
,phon,afterlifeⴀ,0787ae93-611b-535a-9745-b5d36a4ffb23,Afterlife,ab2241c7-ff64-4b52-90d8-4a7b0517d47c,202,1366
,phon,한울,b881d4b2-ab86-5edc-9e06-3cc4230f4d07,Hanul,039fb041-450d-5b5e-93a7-9f2e688a0a4c,2,72
,phon,Амиго,57b86a75-7619-4782-b65f-39f26fb2d448,Amigo,730fefd2-84a4-49ef-bc6e-7b4b23af3b6d,9,418
,phon,もろ,b842ce9f-a308-5e52-8eaa-76b3b51a3dea,Moro,9bb1ee02-941a-448f-bdd3-66268b836d87,74,832
,phon,Нокаут & Ndoe & Mytag,839b2259-59a3-5638-83be-82ff0c3cd11f,Nokaut & Ndoe & Mytag,39f040de-58a3-535b-8a81-13ce576c42f3,7,28
,phon,𝐩𝐚𝐫𝐫𝐢𝐬,15c3901e-13d1-523f-9ece-39d99dae51a2,Parris,139f64f8-cc7c-40b3-96d4-3ebb3a0562bb,12,373
,phon,Ко,35cb7560-c0f9-56b4-b99f-20707eea9d87,KO,726569ff-c1d0-4a8c-9153-acf7f921d51b,1,1137
,phon,СТРЕЙ,0bdb2a8c-f36e-5e8e-a613-c6e9da5fff33,Strei,d615b5db-0886-55cd-8d60-b81b2dfade44,2,540
,phon,Лучшие,8a27b8c7-1d6c-52fa-81c2-54b5e04c167f,Luchshie,14a9d04e-0565-5346-87e7-a585c8c50cb1,1,2
,phon,ＢＯＯＭ,c0934209-cb61-5ae3-9fab-4d894e13853b,BøøM,c70a18b5-8a5e-5375-ada5-d3d27fe08937,2,429
,phon,Санчез,21a9a5d0-179f-5946-9929-a24a3b2df704,Sanchez,c0c3462b-8a20-4222-a9fe-2f75f468e733,10,417
,phon,Cazzafura и Senidah,85cbffad-83bf-529d-bc65-1c0b93d10f9b,Cazzafura i Senidah,f7f37049-d13c-5f5f-82a6-e532fb43ed9e,1,13
,phon,Ayesha Nicοle Smith,1a449f13-ac24-555e-a160-9bc4c9a087f2,Ayesha Nicole Smith,e177b0ca-8ce3-573a-a6bf-e57c1af61dc0,54,1249
,phon,Ｇａｒｍ,2a0cf9a4-c771-5a84-82da-052400326927,Garm,0dfbd305-ca65-4b23-a13b-1c7f344bde23,1,219
,phon,Еми Стамболова,7201dcb2-3eee-4a8a-952a-86144a80ba01,Emi Stambolova,8da90e9a-a692-5740-a4fd-224aca94b993,208,268
,phon,Лилу,61044e4b-99e7-4036-a900-2159beb9b6e5,Lilu,422cad31-8a03-45e0-93f9-5a73bc22f9fd,758,2492
,phon,𝔥𝔦𝔡𝔡𝔢𝔫 𝔧𝔞𝑦𝔢𝔢𝔪,f2977cbc-dcec-5e81-b193-fd36ef449875,hidden jayeem,80960669-8389-4b1d-a4c7-b64d8a103ff8,1,747
,phon,תומר,d19e96a2-1948-5343-a88c-2d27738098b7,TVMR,7f4fefaa-1045-5e05-a29e-b39334129e34,29,35
,phon,Акину,a6a0da84-5893-5bab-81d3-4331588b0145,Akinu,78080b65-9439-4297-843a-3909456d9b2f,94,436
,phon,Camellia feat. ななひら,c65b6a5d-7f30-5861-80f0-95ae2ab440d8,Camellia feat. Nanahira,3160e299-9726-5733-b863-e4a7ff1c9638,5,897
,phon,𓆩 MAIREN 𓆪,f0f97933-c5e3-5faf-b5d8-68b77064a274,MAIREN,cea3bb30-56ac-5fb4-97f8-edf5437f20fc,14,64
,phon,Carte Blanche䤲,ac56feb1-b1a0-5d1f-94d2-a77614dbaf61,Carte Blanche,f9659b3b-bdfa-4bf1-a219-52bc95a3cab6,69,421
,phon,ＬＳＤ,f8a58036-cab7-5916-ab8d-d43ed5374103,LSD,905b4669-c8c0-425e-9ab9-60020449100e,156,685
,phon,Абаддон,b1eb4e0c-8356-5d8c-bc3a-eb7813ded52c,Abaddon,c38d1160-c36e-43a0-b3c4-1dc0a7bdb5f3,2,228
,phon,조기,3621ac60-7803-5b95-bbbe-bf632984566c,Jogi,dcdb2e26-a46c-43da-9b6a-7e1a67faa060,2,192
,phon,Воллны,cddf504c-3d16-49b9-9efb-0537f642f744,Vollny,daae46e0-5074-5924-803d-2fb86191cc5c,397,458
,phon,소실,d55f1505-0d61-504f-9211-0f2e850ac3af,sosil,5003d025-bda9-5aea-8db5-101deb4bf204,4,33
,phon,うろこ,58d558c4-7d96-56b2-8b1e-38fdda4b7ded,Uroko,1b1333a7-aea9-4b8a-96d0-bd4bccf333c2,1,727
,phon,Ｇｒｏｕｎｄ Ｚｅｒｏ,13edbed3-9742-5cd0-a571-234af6cabee7,Ground Zero,c7c7d0a0-eb98-4fa2-8374-afa402319cff,63,1033
,phon,Ｖｉｓｈｎｕ,b257ea5d-34a9-56f0-880a-95c96ff05081,Vishnu,1d429fcf-e401-489e-8e76-69aa4b8fc060,9,203
,phon,ＥＳＰ,aee5c8e7-c1cd-51f0-8d4d-474e40d5ab66,ESP,c996cc41-2a66-4144-a5ee-4abc77f3f629,147,755
,phon,Αμοκ,9d11fb87-c8df-5865-aff7-74227657876e,Amok,9e5a698d-6abc-4824-b3f9-12b923789857,54,1469
,phon,Ｃａｒａｖａｎ,17e9f60c-66f4-5bbe-ac27-75cafa374ede,Caravan,82dd3f5d-4c36-4dbe-981d-6845c91445f8,27,883
,phon,Киши Баши,65e3722e-56fd-5450-88bb-e2aff4bac67d,Kishi Bashi,7c340ac5-6eda-4981-91d6-d5b1f4d1bbbf,32,1321
,phon,Сoco,ef946577-9f57-5ee9-a7ac-54f8a3634036,SoCo,c5f4e82d-433c-4216-ad34-248331c2db33,5,85
,phon,𝐌𝐚𝐤𝐢,101a18dd-0a5f-5297-8222-8aef51b23e1a,Maki,b89a955e-e338-4a73-85a9-ee2546503f87,9,1585
,phon,Абу,07f7b7fc-894e-5fda-a219-ad7c1d320a7c,ABU,479c5417-26b2-5b7e-bf73-204a249a4f7f,5,465
,phon,もののけ,ad2073a6-9447-5d94-b809-c4f5899c88b3,Mononoke,4a75d82a-b23e-462f-98c1-36e5973ec24b,5,612
,phon,ゆうき。,cad280f5-c6f1-48d0-8394-1c7a3bd4a043,Yuuki.,5abd4a56-dba8-55c7-b685-6df2956094e2,20,47
,phon,우주,f047ea91-2403-5b02-b393-f1f973ce615f,uju,d3556293-be12-447a-baa2-7fe57e571b78,5,239
,phon,梢,129f27f6-7a41-518c-9642-5085bff46517,SHAO,cfff4880-78cf-5448-8d5d-61b41da2e314,20,636
,phon,Зара,0e13c1fa-5a80-4247-a2d2-92b90489b47f,Zara,f977f5e8-3901-4c61-8255-f73486ea5904,714,1012
,phon,Отрава,d8d3a805-01d0-5b6b-ba72-622f581149e1,ØTRÅVA,9c7a0e06-4290-52e7-bb50-c84e0dd856a1,1,43
,phon,Rouzi и Coby,da4de229-1b74-5aac-9c34-e14052e0840f,Rouzi i Coby,5bf67934-3508-5eee-bb6f-36c4721da7b0,1,16
,phon,Suicidе Squаd,ca0fb054-9969-58fe-a2d3-edb7fc4505f0,Suicide Squad,d3fcdf96-674a-4931-bd04-558ac647e314,278,558
,phon,Ѧinst,6bcfa5ea-e5b4-5714-8aa7-a55d1f75e773,Einst,37217849-ab6c-4392-a326-1b02172818cb,76,175
,phon,Рэнт,3b46df42-1e9c-5515-b8ff-3c6bfaa9a797,Rent,626b051a-340e-46a2-a5f6-4f3891133454,240,754
,phon,에라이,8ad31778-b737-54e9-bacc-252a8a62896f,Erai,a0567319-93f5-48c0-849f-b7c5ed23aefc,1,242
,phon,Сталкер,4a5a3bbf-4be1-447c-90cf-9c1a5f0b869d,Stälker,a023236d-d8fa-4c52-af1a-0e4258472fd0,591,813
,phon,Ａｒｒｏｗ,296569eb-8492-529f-b96f-04b122ad0b8f,Arrow,2ddfac74-e28c-4041-8810-fee1e45ec508,59,132
,phon,celesteᥫ᭡,5fec9ff1-4839-5a86-a8aa-243d32b57216,Celeste,9b315250-d1b7-4166-bfc2-610dc9814d57,1,440
,phon,Ｐｒｏｔｏｔｙｐｅ,20200782-529b-5fad-87cb-bb7e2bdd9966,Prototype,6c1d7828-e684-4652-be41-1876abc1692c,85,362
,phon,あいたん,a74e4e62-2c70-58d4-8c2a-eceedf5799cc,Aitan,673c326b-857b-484d-9ae3-3aedb855405b,6,148
,phon,カガミ,45c9396d-0f6d-5c2b-adf9-1272cf3b624f,Kagami,b5cc18cf-8896-46ae-9052-b4476ad5bca0,7,596
,phon,Мел Торме,726c197a-6b21-5435-8088-9f1ff8193d4a,Mel Tormé,4439c2fd-a754-4f6a-b3a6-791b47726156,166,1226
,phon,"るか, せな",3364dc17-5508-5581-b9fe-03d361e462e5,"Ruka, Sena",37f6c6e3-3791-568f-84ea-cbbe4a926f0d,9,16
,phon,デパペペ,fa1911cd-2ec4-52e8-ab95-edb8137d6187,DEPAPEPE,c2789b3f-1818-44f2-b3a8-108f7f26bd32,124,435
,phon,あん,f64e878e-2628-48f9-8d6f-c35e2eed191a,An,f268eb3d-3d07-476a-9843-3e4758ccb649,36,601
,phon,Уран,03c38860-de92-567b-962d-db8715c3e17e,Uran,3884cbaf-182b-4f0b-ae29-00ddb4e05abc,104,795
,phon,Блу Бой,689db0f8-f384-5ce9-b250-42485f2c8146,Blu Boi,9f52e437-7d61-4368-b4f9-7a7d09a7fa2b,33,332
,phon,바미,20c41759-73ab-54a7-9464-ea108432457c,Bami,40cd20d1-105e-5522-a567-646fa998d0cf,19,184
,phon,はま,4a771c75-f2bb-596a-8b06-1b5d8af06e81,HAMA,e0d2e540-631f-4227-ac53-05ff22ee2beb,95,440
,phon,Ζωη,ad32b5cf-cca9-5556-a7a1-fea36d12bd6d,Zoé,5838185a-0ee6-4a0b-8d4e-76a6e15f7d4b,33,2135
,phon,Ошо,e3362721-3b93-527f-a56f-0d2dca65554b,Osho,1a54b906-00d8-48ba-aecc-8d210fc437a6,23,546
,phon,Омар,9fa01d97-dff1-409f-8119-59ebbcb85ee9,Omar,8c41073b-4229-4eda-b45d-34513ed61304,180,588
,phon,𝕕𝕖𝕒𝕥𝕙 𝕒𝕟𝕘𝕖𝕝,17b8a52e-fe14-56ac-b9e6-c7c61903c31f,Death Angel,562ff334-c34f-45b0-a519-e5d171482df2,1,1087
,phon,"Stephen Sanchez, Joshua Henry, Timothy Hughes, 다니엘 지칼, Phillipa Soo, Kenita Miller, Sasha Hutchings, Gizel Jiménez",73fca208-de6a-5ca6-a522-c3ff1767c4c9,"Stephen Sanchez, Joshua Henry, Timothy Hughes, Daniel Jikal, Phillipa Soo, Kenita Miller, Sasha Hutchings, Gizel Jiménez",418d1e1c-7493-5156-b4f3-08720226d80c,30,65
,phon,Ｓｉｖａ,30ec6162-7c70-5f4c-b4c7-68cb7a1bb8fb,Siva,e993ccf3-8cfa-485e-9258-2d1cfd72dd61,330,1476
,phon,モダンパストラル,65ed5c75-b5ef-4444-86b4-415351583aa0,Modanpasutoraru,2ce9934e-9d90-5fec-ae91-2be569793ab9,24,41
,phon,ГРУНТ!,69081209-f500-5670-ada4-02f2a0be25fe,Grunt!,f3595c04-03c3-4135-9311-7a9608104b0e,4,61
,phon,Абанамат,713f9647-4f0f-5244-84df-0fc1a01e53fa,Abanamat,6730d835-125a-58e2-ae9e-5b3a6858aa19,2,360
,phon,サトミマガエ,6e71b08d-fae8-561b-a61b-1689edd241ec,Satomimagae,20f6608f-5ea7-4103-ba86-d756cdb2b830,8,305
,phon,gonｖut,831b8a73-194a-5a8c-967d-3860bd635d30,gonvut,7c04ee20-a0a6-5349-84eb-5da1fff9261a,1,4
,phon,Бст,ebdee07b-992c-5977-8e28-e6063491678f,BST,01f64621-fb91-42ea-b56e-24bb09b2adab,10,32
,phon,Ｒｙｕ☆,375bb0fd-e2fb-5d83-8ea0-509800288361,Ryu☆,1691c4a6-30c0-45f5-a438-281440aded59,5,875
,phon,ＦＵＮＫＩ ＦＬＡＶＡ,e10db30c-66ac-5644-bc77-a298e1f7eede,funki flava,24c5c1fd-2a26-5f16-8c89-826138e21ef1,5,41
,phon,𝕋𝔼𝔸,7dfc2a5c-2cea-562e-886b-3a3b3f259653,Tea,588be291-4563-46d0-8350-4ba8bf47601a,1,405
,phon,まいまい,b8849f00-de48-48e5-b402-b86c6e231fd6,MaiMai,30e7ca07-41ad-5e9c-b931-7fea07aba117,2,23
,phon,Рок,d18078c3-0dae-5035-99f4-97d21793db2b,Rok,01944711-8212-46cb-bc03-7a20042b2e13,32,243
,phon,Преслава,5ab14511-19c9-4167-a3ce-e71b2b2c9b57,Preslava,b6f0c1ba-8627-525b-aa3f-7c6d428235c4,3088,3465
,phon,데미안,ba6a0bac-c72b-52aa-9b4e-7fbe56665fc8,Demian,87c26a7b-666e-4c6d-ba2c-0554e4beead7,48,246
,phon,Ингрид,65f902b3-ed94-52fd-ab6d-6a17abc9f6ff,Ingrid,83c14385-c00c-49ad-b16c-e5ce73a40a8d,1,239
,phon,ｍｉｋｕｒｕ３９６,0f9aa6df-7291-56b6-8d1b-26e3ebc9863f,mikuru396,65b4c337-1669-41c4-983d-feff64803604,9,1347
,phon,붐,f1df5cfc-71cb-4858-a824-f08cb3649b31,Bum,5cb095db-eb43-4b26-9716-61fcdaf82f8a,75,1004
,phon,ＫＹＯＴＯ　ＪＡＺＺ　ＭＡＳＳＩＶＥ,b6b22ddc-a7ec-587b-98a2-6a6635a5f978,Kyoto Jazz Massive,26824a9b-fb6c-4b77-8cef-bf90177ac22c,2,529
,phon,Νίκος Αλιάγας,f809ba0e-92d0-5625-bf96-011b4ebdaba4,Nikos Aliagas,1d3a27e7-cc85-5a3c-8660-a9c2b2835168,19,21
,phon,Маtya,1ee9b287-0809-5eaa-8784-2dd66a8213b7,matya,4358e549-93ab-595e-bb64-2298ef820744,8,451
,phon,トクメイキボウ,8e70c9c1-3a6c-411f-a92a-6466a5ec3ccd,tokumeikibou,3d06ac91-7cd5-5428-b3e6-d9d3c2af19d2,4,21
,phon,호아,6b05c46c-ede1-4be4-9c40-2a6ea319ff87,Hoa,4dd9c514-6807-5049-8232-8f0543a69282,62,141
,phon,インナ,08b60bac-e34b-5a0b-9ee4-495a76a36f8d,Inna,99efca32-eea1-45fb-92cb-8798976a9769,63,2125
,phon,やや,34da5db6-ecab-4255-8d6e-3b6308ecb678,YAYA,fc34a779-5c84-4ffc-b2b0-714623a575fc,76,279
,phon,梁龍,e07751ad-f342-5b7c-bfa5-acad6652243d,Liang Long,143dcd82-00e0-52e8-a463-4c6d049c6a45,9,194
,phon,차울,b72b3b7e-65c2-59c4-bebb-93df7980f3d6,Caul,f29767dd-7dca-4590-9a5d-90614106a063,36,2021
,phon,ロザリオ,381f5207-555a-50a8-bb5e-c942591567b4,Rozario,ec8ef22e-b6cf-4e5e-ad0c-5545b2027d18,224,283
,phon,ミュウ,f876eadc-ef6d-5efd-a66a-644907df1c67,Miyuu,86fa2c90-e109-4272-ad61-c47a4c2b525d,20,638
,phon,Στέλλα Γεωργιάδου,c3e419f7-8d7d-4bf6-9976-a2b86594239e,Stella Georgiadou,2d6b868a-b39c-530c-b525-d1b7c767e3f8,216,355
,phon,ＣＥＴＴＩ,17ff8401-16fe-59fd-a48e-2a406b3e3de0,Cetti,e51991e6-db76-40f2-a332-dfc204bd6e25,2,39
,phon,ＭＥＲＲＯＷ,b1b0a938-e2eb-55af-8839-3932e5f75536,Merrow,332c15fd-cd33-41de-afae-16e5ad595c77,302,335
,phon,조세,389674a8-e2f6-53bf-a438-10d81c5da778,José,40394b76-40bc-4cc5-96d7-4ab42687d422,41,476
,phon,Денис Павлов,71fbf9fb-fa28-592a-b16a-640226ae121d,Denis Pavlov,7f187c4a-07c0-41dd-b139-4fe3b53afb3e,10,53
,phon,アニソン,b780e19a-5536-5b6b-a7b0-4a7ce1ee8b3d,Anison,eb15c642-43fc-43bd-af79-76c3b697ad67,33,324
,phon,ｓａｓａｋｕｒｅ．ＵＫ,3bc9d1c4-ce1a-52dd-9745-8eaa99528cee,sasakure.UK,a2c9ccdc-bf05-4ffb-8201-57f81322852e,6,2946
,phon,Спартак,87e5f249-183f-5907-a17b-fff49b57c881,Spartak,9978330c-050e-42f3-ab6a-1ffb411e6b4a,9,623
,phon,アンパンマン,269b7a07-6e64-4da2-8bfa-2bda4d5b2a77,anpanman,d4c2a70d-6c30-5ea5-9f62-57697ce19431,87,321
,phon,Лара  Фабиан,fe3e784f-1ed1-5916-9e06-08282439b287,Lara Fabian,7a1daf7f-b972-4808-bc03-2e1e3a79dce0,1,1059
,phon,Рубикон,3fd14308-f489-5934-92fb-fd10e0d1d168,Rubikon,2c1db193-fc8b-431f-b745-86cbef1fa9c6,113,198
,phon,fash1r𖤐,1d8f966f-b54b-5706-9e6d-3a0d3e82080e,fash1r,bc4e2687-910c-5a21-8354-1fa121eed1f2,1,11
,phon,Комиссар,f3d77c2b-c996-4545-ab05-d915373f578a,Komissar,9c28818b-600d-57cb-ad09-387a254a9f3f,895,947
,phon,Ｒａｙ,1a098443-0576-538d-9e31-3e2251bd6e96,Ray,f3cbb087-fbc6-449f-9473-366ac021c64f,142,742
,phon,𓈜𖤐⛈𔗢𓉢𝕾𝖎𝖌𝖋𝖗𝖎𝖉𓉢𔗢⛈𖤐𓈜,0b3e9b8e-12e2-5604-8527-bc5c8df461f9,sigfrid,ca9af5c0-82a5-5684-81ea-c808fa761f38,1,182
,phon,Том Чаплин,de91fa55-21c4-5d08-b4e8-f5aca7a956f1,Tom Chaplin,f68af171-56ab-49cb-a8c2-977738f1860e,4,275
